"SKU","Name","Published","Is featured?","Short description","In stock?","Sale price","Regular price","Categories","Brands","Tags","Meta: _skino_rating","Meta: _skino_review_count"
"SKINO-268","Bath & Body Works Hydrating Hair Mask","1","0","","1","3233","4627","Hair Care","Bath & Body Works","","4","346"
"SKINO-205","SHEGLAM Luminous Hairspray","1","0","","1","562","606","Hair Care","Sheglam","","4.4","980"
"SKINO-9","Rare Beauty Revitalizing Moisturizer","1","0","","1","","2811","Skin Care","Rare Beauty","","4.2","625"
"SKINO-263","Moroccanoil Gentle Serum","1","0","","1","","1949","Hair Care","Moroccanoil","","4.6","245"
"SKINO-56","Olaplex Soothing Cleanser","1","0","","1","","2111","Skin Care","Olaplex","","4.3","724"
"SKINO-130","Glossier Matte Highlighter","1","0","","1","3235","3800","Makeup","Glossier","","4.1","651"
"SKINO-49","Glossier Soothing Mask","1","0","","1","5416","6277","Skin Care","Glossier","","3.5","651"
"SKINO-202","Bath & Body Works Nourishing Leave-in Conditioner","1","0","","1","1510","2089","Hair Care","Bath & Body Works","","4.5","400"
"SKINO-578","Medicube Gentle Hair Brush","1","0","","1","4398","6316","Accessories","Medicube","","4.6","30"
"SKINO-463","CeraVe Essential Massage Oil","1","0","","1","3495","3837","Body Care","CeraVe","","3.9","251"
"SKINO-526","CeraVe Matte Gua Sha","1","0","","1","","1214","Accessories","CeraVe","","4.9","909"
"SKINO-563","Glossier Natural Mirror","1","0","","1","1972","2389","Accessories","Glossier","","4.3","934"
"SKINO-310","Dior Glossy Solid Perfume","1","0","","1","3331","3986","Fragrance","Dior","","4.4","218"
"SKINO-123","Moroccanoil Matte Primer","1","0","","1","681","822","Makeup","Moroccanoil","","4.5","602"
"SKINO-351","Glossier Essential Solid Perfume","1","0","","1","","4218","Fragrance","Glossier","","3.8","847"
"SKINO-520","CeraVe Luminous Tweezers","1","0","","1","1310","1461","Accessories","CeraVe","","4","811"
"SKINO-61","Cetaphil Professional Serum","1","0","","1","","3473","Skin Care","Cetaphil","","4.9","178"
"SKINO-97","Bath & Body Works Intense Cleanser","1","0","","1","","4816","Skin Care","Bath & Body Works","","4.8","525"
"SKINO-442","Moroccanoil Matte Body Lotion","1","0","","1","1955","2197","Body Care","Moroccanoil","","3.9","296"
"SKINO-58","LANEIGE Glossy Essence","1","0","","1","3655","4864","Skin Care","LANEIGE","","5","773"
"SKINO-57","Dove Flawless Toner","1","0","","1","","2404","Skin Care","Dove","","4.2","36"
"SKINO-23","COSRX Hydrating Moisturizer","1","0","","1","","2743","Skin Care","Cosrx","","4","840"
"SKINO-380","Moroccanoil Natural Eau de Parfum","1","0","","1","2773","3706","Fragrance","Moroccanoil","","4.7","756"
"SKINO-455","SHEGLAM Advanced Body Wash","1","0","","1","1769","2017","Body Care","Sheglam","","4.2","389"
"SKINO-436","LANEIGE Revitalizing Body Scrub","1","0","","1","","993","Body Care","LANEIGE","","4.3","919"
"SKINO-410","NYX Organic Deodorant","1","0","","1","3189","3198","Body Care","NYX","","4.3","788"
"SKINO-261","LANEIGE Silky Conditioner","1","0","","1","2757","3617","Hair Care","LANEIGE","","3.9","563"
"SKINO-102","Medicube Advanced Primer","1","0","","1","","2216","Makeup","Medicube","","4.5","772"
"SKINO-577","Dior Professional Headband","1","0","","1","","2741","Accessories","Dior","","4.7","956"
"SKINO-346","La Roche-Posay Advanced Cologne","1","0","","1","3581","4212","Fragrance","La","","4.8","436"
"SKINO-537","Medicube Everyday Tweezers","1","0","","1","4265","4707","Accessories","Medicube","","4.5","321"
"SKINO-183","Urban Decay Silky Primer","1","0","","1","","3995","Makeup","Urban","","4.2","495"
"SKINO-234","Charlotte Tilbury Professional Serum","1","0","","1","1625","1717","Hair Care","Charlotte","","3.5","221"
"SKINO-119","COSRX Everyday Mascara","1","0","","1","","4253","Makeup","Cosrx","","4.9","106"
"SKINO-4","CeraVe Luminous Toner","1","0","","1","","3761","Skin Care","CeraVe","","4.5","718"
"SKINO-253","SHEGLAM Matte Serum","1","0","","1","","1625","Hair Care","Sheglam","","3.8","219"
"SKINO-539","Huda Beauty Professional Eyelash Curler","1","0","","1","","5315","Accessories","Huda","","4.5","630"
"SKINO-486","Dior Natural Bath Bomb","1","0","","1","976","1360","Body Care","Dior","","4.1","519"
"SKINO-245","La Roche-Posay Essential Scalp Treatment","1","0","","1","1010","1445","Hair Care","La","","3.6","438"
"SKINO-480","Huda Beauty Flawless Body Wash","1","0","","1","5480","7402","Body Care","Huda","","3.8","336"
"SKINO-55","Olaplex Silky Cream","1","0","","1","","3970","Skin Care","Olaplex","","3.8","173"
"SKINO-388","COSRX Flawless Eau de Toilette","1","0","","1","3114","3218","Fragrance","Cosrx","","4.5","456"
"SKINO-315","Huda Beauty Hydrating Eau de Parfum","1","0","","1","1067","1443","Fragrance","Huda","","3.6","62"
"SKINO-599","The Ordinary Advanced Beauty Sponge","1","0","","1","1813","2544","Accessories","The","","4.3","16"
"SKINO-287","La Roche-Posay Nourishing Serum","1","0","","1","","3662","Hair Care","La","","4.3","214"
"SKINO-457","CeraVe Revitalizing Body Lotion","1","0","","1","3963","4239","Body Care","CeraVe","","4.5","267"
"SKINO-229","CeraVe Essential Leave-in Conditioner","1","0","","1","5478","6519","Hair Care","CeraVe","","3.7","801"
"SKINO-192","Dior Professional Highlighter","1","0","","1","2032","2818","Makeup","Dior","","4.3","670"
"SKINO-71","Moroccanoil Essential Peel","1","0","","1","599","837","Skin Care","Moroccanoil","","4.1","883"
"SKINO-394","SHEGLAM Advanced Solid Perfume","1","0","","1","4739","5972","Fragrance","Sheglam","","4.5","503"
"SKINO-275","COSRX Silky Hair Oil","1","0","","1","859","930","Hair Care","Cosrx","","3.7","970"
"SKINO-239","Huda Beauty Glossy Conditioner","1","0","","1","2860","3146","Hair Care","Huda","","4.7","354"
"SKINO-393","SHEGLAM Organic Perfume Oil","1","0","","1","","2161","Fragrance","Sheglam","","4.5","259"
"SKINO-222","COSRX Flawless Shampoo","1","0","","1","","2432","Hair Care","Cosrx","","3.6","751"
"SKINO-232","CeraVe Hydrating Conditioner","1","0","","1","2852","3531","Hair Care","CeraVe","","4.7","588"
"SKINO-295","Medicube Revitalizing Conditioner","1","0","","1","923","1210","Hair Care","Medicube","","4.7","299"
"SKINO-568","CeraVe Premium Eyelash Curler","1","0","","1","","751","Accessories","CeraVe","","4.7","622"
"SKINO-87","LANEIGE Professional Toner","1","0","","1","3786","4925","Skin Care","LANEIGE","","3.7","932"
"SKINO-557","CeraVe Everyday Mirror","1","0","","1","","1726","Accessories","CeraVe","","4.2","101"
"SKINO-409","Huda Beauty Luminous Body Wash","1","0","","1","","3178","Body Care","Huda","","4","903"
"SKINO-494","Olaplex Flawless Deodorant","1","0","","1","","1295","Body Care","Olaplex","","3.7","930"
"SKINO-251","Glossier Natural Conditioner","1","0","","1","3257","4211","Hair Care","Glossier","","5","398"
"SKINO-116","SHEGLAM Nourishing Mascara","1","0","","1","","4109","Makeup","Sheglam","","4","471"
"SKINO-437","Urban Decay Premium Deodorant","1","0","","1","","5301","Body Care","Urban","","3.7","1001"
"SKINO-451","Rare Beauty Revitalizing Bath Bomb","1","0","","1","","1900","Body Care","Rare Beauty","","4.9","118"
"SKINO-416","Charlotte Tilbury Professional Body Wash","1","0","","1","","4314","Body Care","Charlotte","","4.8","236"
"SKINO-47","COSRX Flawless Toner","1","0","","1","","3798","Skin Care","Cosrx","","4","772"
"SKINO-482","Cetaphil Organic Body Scrub","1","0","","1","4368","4551","Body Care","Cetaphil","","4.4","193"
"SKINO-51","Dior Glossy Mask","1","0","","1","2182","3063","Skin Care","Dior","","3.6","425"
"SKINO-413","Dove Luxury Massage Oil","1","0","","1","2313","3310","Body Care","Dove","","3.8","576"
"SKINO-461","CeraVe Luxury Body Oil","1","0","","1","","3809","Body Care","CeraVe","","3.9","288"
"SKINO-35","CeraVe Flawless Cleanser","1","0","","1","","2901","Skin Care","CeraVe","","4.6","481"
"SKINO-170","Dior Everyday Foundation","1","0","","1","3007","4457","Makeup","Dior","","3.8","627"
"SKINO-339","Medicube Advanced Cologne","1","0","","1","5332","7404","Fragrance","Medicube","","3.7","778"
"SKINO-459","Fenty Beauty Premium Body Lotion","1","0","","1","","1267","Body Care","Fenty","","4.1","22"
"SKINO-402","Huda Beauty Essential Massage Oil","1","0","","1","595","708","Body Care","Huda","","4.3","860"
"SKINO-360","CeraVe Nourishing Cologne","1","0","","1","3914","5035","Fragrance","CeraVe","","4.3","734"
"SKINO-62","Charlotte Tilbury Revitalizing Toner","1","0","","1","","3284","Skin Care","Charlotte","","4.9","191"
"SKINO-417","COSRX Intense Shower Gel","1","0","","1","576","832","Body Care","Cosrx","","4.1","187"
"SKINO-161","LANEIGE Gentle Setting Spray","1","0","","1","","4917","Makeup","LANEIGE","","4.9","56"
"SKINO-93","NYX Luminous Cleanser","1","0","","1","","2845","Skin Care","NYX","","4.9","46"
"SKINO-307","SHEGLAM Luminous Hair Perfume","1","0","","1","2700","3775","Fragrance","Sheglam","","4.3","682"
"SKINO-258","Dove Hydrating Dry Shampoo","1","0","","1","5392","6625","Hair Care","Dove","","4.1","608"
"SKINO-362","SHEGLAM Essential Roll-on Perfume","1","0","","1","3958","5623","Fragrance","Sheglam","","3.8","160"
"SKINO-448","The Ordinary Flawless Body Scrub","1","0","","1","2798","3528","Body Care","The","","3.9","607"
"SKINO-21","Cetaphil Organic Cream","1","0","","1","","2754","Skin Care","Cetaphil","","3.7","155"
"SKINO-456","Rare Beauty Everyday Deodorant","1","0","","1","3693","4347","Body Care","Rare Beauty","","4.9","436"
"SKINO-95","NYX Everyday Serum","1","0","","1","","2976","Skin Care","NYX","","4.4","116"
"SKINO-582","Bath & Body Works Everyday Eyelash Curler","1","0","","1","","4396","Accessories","Bath & Body Works","","3.6","620"
"SKINO-345","Cetaphil Gentle Body Spray","1","0","","1","","2060","Fragrance","Cetaphil","","3.8","568"
"SKINO-266","Cetaphil Radiant Styling Gel","1","0","","1","","2107","Hair Care","Cetaphil","","3.5","784"
"SKINO-598","Fenty Beauty Glossy Beauty Sponge","1","0","","1","","2399","Accessories","Fenty","","4.1","426"
"SKINO-210","Rare Beauty Advanced Hairspray","1","0","","1","2756","2984","Hair Care","Rare Beauty","","4.3","108"
"SKINO-329","Huda Beauty Nourishing Perfume Oil","1","0","","1","5474","5617","Fragrance","Huda","","3.5","941"
"SKINO-428","Glossier Gentle Foot Cream","1","0","","1","","2020","Body Care","Glossier","","4.2","212"
"SKINO-469","NYX Matte Foot Cream","1","0","","1","","3633","Body Care","NYX","","4","865"
"SKINO-73","SHEGLAM Glossy Cream","1","0","","1","","2248","Skin Care","Sheglam","","4.1","971"
"SKINO-108","Bath & Body Works Soothing Foundation","1","0","","1","2369","3415","Makeup","Bath & Body Works","","4.1","724"
"SKINO-10","SHEGLAM Silky Cream","1","0","","1","","3440","Skin Care","Sheglam","","3.7","452"
"SKINO-556","Urban Decay Intense Makeup Brush Set","1","0","","1","3472","3486","Accessories","Urban","","4.6","203"
"SKINO-68","Huda Beauty Revitalizing Serum","1","0","","1","","732","Skin Care","Huda","","4.6","784"
"SKINO-363","Rare Beauty Soothing Body Mist","1","0","","1","853","1236","Fragrance","Rare Beauty","","4.2","85"
"SKINO-147","Bath & Body Works Soothing Setting Spray","1","0","","1","1087","1328","Makeup","Bath & Body Works","","4.4","605"
"SKINO-184","Fenty Beauty Premium Primer","1","0","","1","","4835","Makeup","Fenty","","3.7","355"
"SKINO-593","Rare Beauty Natural Mirror","1","0","","1","4845","6023","Accessories","Rare Beauty","","4.4","913"
"SKINO-136","CeraVe Glossy Lipstick","1","0","","1","","2368","Makeup","CeraVe","","4.8","797"
"SKINO-38","CeraVe Hydrating Toner","1","0","","1","1924","2547","Skin Care","CeraVe","","3.8","993"
"SKINO-138","Dove Glossy Lipstick","1","0","","1","4961","6208","Makeup","Dove","","3.8","593"
"SKINO-396","Rare Beauty Organic Cologne","1","0","","1","2900","3379","Fragrance","Rare Beauty","","3.8","735"
"SKINO-350","Charlotte Tilbury Gentle Scented Lotion","1","0","","1","4729","5838","Fragrance","Charlotte","","4.2","454"
"SKINO-438","Olaplex Luxury Deodorant","1","0","","1","4463","4555","Body Care","Olaplex","","4.5","243"
"SKINO-228","Medicube Soothing Dry Shampoo","1","0","","1","","3869","Hair Care","Medicube","","3.7","172"
"SKINO-112","COSRX Premium Foundation","1","0","","1","","2394","Makeup","Cosrx","","3.7","89"
"SKINO-476","Dove Organic Body Oil","1","0","","1","","4253","Body Care","Dove","","3.9","585"
"SKINO-489","LANEIGE Advanced Bath Bomb","1","0","","1","513","653","Body Care","LANEIGE","","4.7","559"
"SKINO-33","LANEIGE Revitalizing Peel","1","0","","1","","4715","Skin Care","LANEIGE","","4.6","710"
"SKINO-517","The Ordinary Gentle Eyelash Curler","1","0","","1","","5219","Accessories","The","","3.8","736"
"SKINO-392","Dove Luxury Perfume Oil","1","0","","1","1325","1507","Fragrance","Dove","","5","390"
"SKINO-543","Medicube Everyday Beauty Sponge","1","0","","1","","2861","Accessories","Medicube","","5","591"
"SKINO-381","CeraVe Flawless Roll-on Perfume","1","0","","1","3628","4155","Fragrance","CeraVe","","4.2","926"
"SKINO-1","Charlotte Tilbury Premium Serum","1","0","","1","","5287","Skin Care","Charlotte","","3.6","974"
"SKINO-538","COSRX Glossy Eyelash Curler","1","0","","1","4967","6922","Accessories","Cosrx","","4.6","363"
"SKINO-195","Huda Beauty Natural Mascara","1","0","","1","","1165","Makeup","Huda","","4.2","337"
"SKINO-347","Charlotte Tilbury Intense Cologne","1","0","","1","","1676","Fragrance","Charlotte","","4.2","271"
"SKINO-34","The Ordinary Natural Peel","1","0","","1","","4599","Skin Care","The","","3.9","398"
"SKINO-103","The Ordinary Essential Primer","1","0","","1","","2625","Makeup","The","","4.8","127"
"SKINO-243","Medicube Matte Hair Mask","1","0","","1","","3151","Hair Care","Medicube","","4.4","650"
"SKINO-78","La Roche-Posay Everyday Balm","1","0","","1","","4472","Skin Care","La","","4.3","416"
"SKINO-203","Rare Beauty Radiant Hair Oil","1","0","","1","5275","5380","Hair Care","Rare Beauty","","4.2","668"
"SKINO-165","Dove Flawless Primer","1","0","","1","","3128","Makeup","Dove","","3.7","123"
"SKINO-223","CeraVe Intense Dry Shampoo","1","0","","1","3098","3449","Hair Care","CeraVe","","4.2","940"
"SKINO-421","Moroccanoil Gentle Hand Cream","1","0","","1","","5486","Body Care","Moroccanoil","","4.2","195"
"SKINO-233","Huda Beauty Gentle Hairspray","1","0","","1","4955","7040","Hair Care","Huda","","4.6","353"
"SKINO-327","Cetaphil Luminous Eau de Toilette","1","0","","1","2974","3587","Fragrance","Cetaphil","","4.5","603"
"SKINO-88","Charlotte Tilbury Natural Peel","1","0","","1","","1889","Skin Care","Charlotte","","4","774"
"SKINO-406","Dior Radiant Foot Cream","1","0","","1","2143","2732","Body Care","Dior","","4.3","195"
"SKINO-491","Charlotte Tilbury Luminous Foot Cream","1","0","","1","1551","2223","Body Care","Charlotte","","3.8","620"
"SKINO-254","Moroccanoil Hydrating Scalp Treatment","1","0","","1","","4492","Hair Care","Moroccanoil","","3.7","924"
"SKINO-445","The Ordinary Luminous Body Oil","1","0","","1","","5473","Body Care","The","","4.4","1005"
"SKINO-191","Moroccanoil Revitalizing Foundation","1","0","","1","","4612","Makeup","Moroccanoil","","5","54"
"SKINO-149","Urban Decay Nourishing Foundation","1","0","","1","","5384","Makeup","Urban","","3.7","842"
"SKINO-244","Medicube Flawless Hair Mask","1","0","","1","814","1112","Hair Care","Medicube","","4.6","334"
"SKINO-291","Rare Beauty Matte Leave-in Conditioner","1","0","","1","5421","7152","Hair Care","Rare Beauty","","3.7","103"
"SKINO-98","Fenty Beauty Advanced Sunscreen","1","0","","1","2807","3104","Skin Care","Fenty","","4.4","929"
"SKINO-32","Urban Decay Revitalizing Moisturizer","1","0","","1","","3896","Skin Care","Urban","","5","75"
"SKINO-280","Urban Decay Revitalizing Hair Oil","1","0","","1","","3282","Hair Care","Urban","","3.6","371"
"SKINO-83","Dove Soothing Cream","1","0","","1","3776","5535","Skin Care","Dove","","4.2","774"
"SKINO-66","COSRX Intense Peel","1","0","","1","","3682","Skin Care","Cosrx","","4.1","35"
"SKINO-426","LANEIGE Premium Body Oil","1","0","","1","","2672","Body Care","LANEIGE","","4.9","819"
"SKINO-435","Moroccanoil Gentle Body Scrub","1","0","","1","4756","5460","Body Care","Moroccanoil","","3.7","129"
"SKINO-301","Dove Glossy Perfume Oil","1","0","","1","1582","1587","Fragrance","Dove","","4.7","752"
"SKINO-516","Glossier Flawless Mirror","1","0","","1","","2148","Accessories","Glossier","","4.6","824"
"SKINO-82","Rare Beauty Premium Toner","1","0","","1","2178","3152","Skin Care","Rare Beauty","","4.8","142"
"SKINO-371","Huda Beauty Hydrating Body Mist","1","0","","1","","2037","Fragrance","Huda","","4.6","707"
"SKINO-247","NYX Essential Serum","1","0","","1","","2684","Hair Care","NYX","","4.2","583"
"SKINO-96","CeraVe Luxury Cream","1","0","","1","1928","2356","Skin Care","CeraVe","","3.6","399"
"SKINO-53","Cetaphil Everyday Mask","1","0","","1","","3322","Skin Care","Cetaphil","","4","653"
"SKINO-372","COSRX Nourishing Eau de Toilette","1","0","","1","4634","5343","Fragrance","Cosrx","","4.8","133"
"SKINO-376","Charlotte Tilbury Hydrating Body Spray","1","0","","1","2991","3522","Fragrance","Charlotte","","4.2","212"
"SKINO-523","Charlotte Tilbury Natural Tweezers","1","0","","1","2767","3565","Accessories","Charlotte","","4.3","251"
"SKINO-501","LANEIGE Glossy Mirror","1","0","","1","1590","2113","Accessories","LANEIGE","","4.2","254"
"SKINO-128","Moroccanoil Soothing Primer","1","0","","1","","896","Makeup","Moroccanoil","","4.6","349"
"SKINO-443","Urban Decay Natural Body Scrub","1","0","","1","3267","3499","Body Care","Urban","","4.4","951"
"SKINO-18","Urban Decay Professional Peel","1","0","","1","","3570","Skin Care","Urban","","4.9","210"
"SKINO-74","LANEIGE Essential Serum","1","0","","1","","1266","Skin Care","LANEIGE","","3.6","835"
"SKINO-322","The Ordinary Glossy Eau de Toilette","1","0","","1","","3546","Fragrance","The","","4","521"
"SKINO-589","The Ordinary Everyday Headband","1","0","","1","","871","Accessories","The","","4.8","332"
"SKINO-434","The Ordinary Hydrating Body Oil","1","0","","1","4338","4720","Body Care","The","","4.8","41"
"SKINO-237","Bath & Body Works Organic Hair Oil","1","0","","1","3293","3584","Hair Care","Bath & Body Works","","4.9","834"
"SKINO-474","Bath & Body Works Soothing Shower Gel","1","0","","1","","4089","Body Care","Bath & Body Works","","3.7","561"
"SKINO-358","Dove Advanced Scented Lotion","1","0","","1","","2343","Fragrance","Dove","","3.6","269"
"SKINO-182","Urban Decay Everyday Blush","1","0","","1","3565","4370","Makeup","Urban","","3.7","662"
"SKINO-344","Dove Nourishing Body Mist","1","0","","1","","975","Fragrance","Dove","","3.7","1002"
"SKINO-241","LANEIGE Flawless Conditioner","1","0","","1","1649","2249","Hair Care","LANEIGE","","4.1","780"
"SKINO-31","Urban Decay Hydrating Moisturizer","1","0","","1","728","1044","Skin Care","Urban","","4.4","695"
"SKINO-565","Dior Everyday Cosmetic Bag","1","0","","1","2265","2759","Accessories","Dior","","4","355"
"SKINO-580","Charlotte Tilbury Nourishing Gua Sha","1","0","","1","3389","3918","Accessories","Charlotte","","3.9","838"
"SKINO-544","Urban Decay Flawless Makeup Brush Set","1","0","","1","","1954","Accessories","Urban","","4.6","571"
"SKINO-179","Fenty Beauty Glossy Concealer","1","0","","1","5375","6574","Makeup","Fenty","","3.5","839"
"SKINO-333","Fenty Beauty Glossy Scented Lotion","1","0","","1","2367","2388","Fragrance","Fenty","","3.6","895"
"SKINO-175","Rare Beauty Essential Foundation","1","0","","1","3661","3871","Makeup","Rare Beauty","","3.5","117"
"SKINO-129","Rare Beauty Revitalizing Mascara","1","0","","1","2415","2958","Makeup","Rare Beauty","","4","599"
"SKINO-353","Olaplex Flawless Hair Perfume","1","0","","1","730","775","Fragrance","Olaplex","","4.1","889"
"SKINO-546","La Roche-Posay Hydrating Mirror","1","0","","1","5466","6755","Accessories","La","","4.6","155"
"SKINO-527","Fenty Beauty Advanced Beauty Sponge","1","0","","1","920","929","Accessories","Fenty","","4.3","848"
"SKINO-300","Medicube Silky Serum","1","0","","1","873","1204","Hair Care","Medicube","","3.7","814"
"SKINO-30","LANEIGE Radiant Balm","1","0","","1","","1802","Skin Care","LANEIGE","","3.8","649"
"SKINO-127","Rare Beauty Luminous Setting Spray","1","0","","1","","2577","Makeup","Rare Beauty","","4.9","585"
"SKINO-124","The Ordinary Luxury Highlighter","1","0","","1","1884","2592","Makeup","The","","4.3","539"
"SKINO-3","Huda Beauty Premium Mask","1","0","","1","4813","5251","Skin Care","Huda","","4.1","604"
"SKINO-141","CeraVe Nourishing Lip Gloss","1","0","","1","3682","5241","Makeup","CeraVe","","3.7","599"
"SKINO-364","Charlotte Tilbury Hydrating Scented Lotion","1","0","","1","4830","6464","Fragrance","Charlotte","","4.8","998"
"SKINO-458","Charlotte Tilbury Revitalizing Body Wash","1","0","","1","","3849","Body Care","Charlotte","","4.7","491"
"SKINO-309","Olaplex Revitalizing Scented Lotion","1","0","","1","3501","3609","Fragrance","Olaplex","","4","849"
"SKINO-117","Medicube Hydrating Foundation","1","0","","1","","4404","Makeup","Medicube","","4.6","705"
"SKINO-506","Cetaphil Natural Hair Brush","1","0","","1","4024","4549","Accessories","Cetaphil","","3.6","196"
"SKINO-226","SHEGLAM Hydrating Conditioner","1","0","","1","","5411","Hair Care","Sheglam","","4.9","808"
"SKINO-131","Cetaphil Silky Highlighter","1","0","","1","2034","2458","Makeup","Cetaphil","","4.1","257"
"SKINO-503","LANEIGE Natural Tweezers","1","0","","1","","1274","Accessories","LANEIGE","","4.1","951"
"SKINO-63","SHEGLAM Premium Balm","1","0","","1","","2743","Skin Care","Sheglam","","4","406"
"SKINO-586","Dove Soothing Hair Brush","1","0","","1","1536","1750","Accessories","Dove","","4.2","142"
"SKINO-59","La Roche-Posay Luxury Moisturizer","1","0","","1","","2120","Skin Care","La","","3.6","441"
"SKINO-227","Dove Luminous Scalp Treatment","1","0","","1","3857","5181","Hair Care","Dove","","4.6","446"
"SKINO-528","The Ordinary Intense Beauty Sponge","1","0","","1","","2906","Accessories","The","","4","110"
"SKINO-214","Dove Hydrating Hair Oil","1","0","","1","659","912","Hair Care","Dove","","4","435"
"SKINO-444","LANEIGE Gentle Hand Cream","1","0","","1","","4431","Body Care","LANEIGE","","4.4","534"
"SKINO-39","La Roche-Posay Advanced Cleanser","1","0","","1","4410","5133","Skin Care","La","","3.9","534"
"SKINO-267","LANEIGE Natural Conditioner","1","0","","1","4715","5061","Hair Care","LANEIGE","","3.5","622"
"SKINO-554","Medicube Natural Beauty Sponge","1","0","","1","1758","1989","Accessories","Medicube","","4.3","838"
"SKINO-401","NYX Nourishing Deodorant","1","0","","1","","3395","Body Care","NYX","","4.8","698"
"SKINO-177","Bath & Body Works Revitalizing Concealer","1","0","","1","2715","3489","Makeup","Bath & Body Works","","3.8","729"
"SKINO-25","LANEIGE Soothing Peel","1","0","","1","","1027","Skin Care","LANEIGE","","4.7","582"
"SKINO-496","Moroccanoil Revitalizing Body Oil","1","0","","1","","2489","Body Care","Moroccanoil","","4.1","740"
"SKINO-511","LANEIGE Intense Jade Roller","1","0","","1","","1920","Accessories","LANEIGE","","4.9","905"
"SKINO-115","Urban Decay Luminous Primer","1","0","","1","2664","3794","Makeup","Urban","","3.7","278"
"SKINO-294","LANEIGE Essential Styling Gel","1","0","","1","1164","1539","Hair Care","LANEIGE","","4.7","1008"
"SKINO-596","COSRX Premium Mirror","1","0","","1","","5042","Accessories","Cosrx","","3.7","341"
"SKINO-248","Dove Luxury Scalp Treatment","1","0","","1","","2916","Hair Care","Dove","","4.5","171"
"SKINO-299","SHEGLAM Silky Hair Mask","1","0","","1","","1174","Hair Care","Sheglam","","4","291"
"SKINO-592","The Ordinary Gentle Beauty Sponge","1","0","","1","","2814","Accessories","The","","4.8","849"
"SKINO-559","Cetaphil Hydrating Cosmetic Bag","1","0","","1","","1125","Accessories","Cetaphil","","4","399"
"SKINO-90","Bath & Body Works Organic Moisturizer","1","0","","1","","4707","Skin Care","Bath & Body Works","","4.3","844"
"SKINO-342","Huda Beauty Luminous Eau de Toilette","1","0","","1","1549","2000","Fragrance","Huda","","4","481"
"SKINO-472","Charlotte Tilbury Luminous Body Oil","1","0","","1","","3673","Body Care","Charlotte","","3.7","992"
"SKINO-11","Urban Decay Natural Sunscreen","1","0","","1","","2747","Skin Care","Urban","","3.7","524"
"SKINO-17","Urban Decay Silky Moisturizer","1","0","","1","2025","2900","Skin Care","Urban","","4.8","835"
"SKINO-509","CeraVe Flawless Eyelash Curler","1","0","","1","","3148","Accessories","CeraVe","","3.6","997"
"SKINO-269","COSRX Flawless Leave-in Conditioner","1","0","","1","","3757","Hair Care","Cosrx","","3.7","997"
"SKINO-518","Moroccanoil Advanced Cosmetic Bag","1","0","","1","2039","2782","Accessories","Moroccanoil","","4.4","277"
"SKINO-230","Urban Decay Radiant Shampoo","1","0","","1","3156","3635","Hair Care","Urban","","4.3","734"
"SKINO-164","SHEGLAM Luxury Lipstick","1","0","","1","1936","2294","Makeup","Sheglam","","4.5","413"
"SKINO-352","COSRX Organic Eau de Parfum","1","0","","1","996","1088","Fragrance","Cosrx","","4","767"
"SKINO-379","Huda Beauty Advanced Roll-on Perfume","1","0","","1","1620","2399","Fragrance","Huda","","3.9","92"
"SKINO-236","Huda Beauty Flawless Hairspray","1","0","","1","4516","6282","Hair Care","Huda","","4.7","422"
"SKINO-181","La Roche-Posay Soothing Blush","1","0","","1","591","769","Makeup","La","","3.8","880"
"SKINO-76","Bath & Body Works Natural Serum","1","0","","1","","4872","Skin Care","Bath & Body Works","","4.1","668"
"SKINO-278","Medicube Everyday Scalp Treatment","1","0","","1","4485","4796","Hair Care","Medicube","","4.3","701"
"SKINO-492","Bath & Body Works Soothing Hand Cream","1","0","","1","1942","2633","Body Care","Bath & Body Works","","4.8","58"
"SKINO-390","Dove Natural Solid Perfume","1","0","","1","3239","4233","Fragrance","Dove","","4","468"
"SKINO-187","The Ordinary Essential Primer","1","0","","1","3516","3902","Makeup","The","","4.2","416"
"SKINO-510","COSRX Professional Eyelash Curler","1","0","","1","","952","Accessories","Cosrx","","5","440"
"SKINO-548","LANEIGE Matte Eyelash Curler","1","0","","1","4699","6076","Accessories","LANEIGE","","3.7","206"
"SKINO-513","Medicube Luxury Jade Roller","1","0","","1","1928","2475","Accessories","Medicube","","4.6","405"
"SKINO-356","Cetaphil Luminous Eau de Toilette","1","0","","1","","1272","Fragrance","Cetaphil","","4.7","105"
"SKINO-276","Charlotte Tilbury Professional Conditioner","1","0","","1","","5419","Hair Care","Charlotte","","4.9","652"
"SKINO-424","Medicube Hydrating Hand Cream","1","0","","1","","3396","Body Care","Medicube","","4","947"
"SKINO-150","Fenty Beauty Glossy Primer","1","0","","1","3334","4964","Makeup","Fenty","","4.8","1002"
"SKINO-348","Dior Luxury Eau de Parfum","1","0","","1","1561","1743","Fragrance","Dior","","4.2","1006"
"SKINO-264","Dior Professional Serum","1","0","","1","4244","6124","Hair Care","Dior","","4.6","236"
"SKINO-550","Urban Decay Matte Hair Brush","1","0","","1","5156","5823","Accessories","Urban","","3.8","775"
"SKINO-172","SHEGLAM Luminous Mascara","1","0","","1","1910","2104","Makeup","Sheglam","","4.7","264"
"SKINO-391","La Roche-Posay Revitalizing Perfume Oil","1","0","","1","","894","Fragrance","La","","3.9","63"
"SKINO-133","SHEGLAM Essential Foundation","1","0","","1","1183","1373","Makeup","Sheglam","","4.4","997"
"SKINO-441","Urban Decay Natural Massage Oil","1","0","","1","1853","2742","Body Care","Urban","","4","251"
"SKINO-341","La Roche-Posay Professional Hair Perfume","1","0","","1","","4581","Fragrance","La","","4.9","59"
"SKINO-151","SHEGLAM Organic Lipstick","1","0","","1","4511","6645","Makeup","Sheglam","","3.6","189"
"SKINO-320","The Ordinary Matte Roll-on Perfume","1","0","","1","1971","2457","Fragrance","The","","4","842"
"SKINO-250","COSRX Revitalizing Scalp Treatment","1","0","","1","1170","1349","Hair Care","Cosrx","","3.5","909"
"SKINO-573","Urban Decay Hydrating Hair Brush","1","0","","1","","1625","Accessories","Urban","","3.8","666"
"SKINO-219","Cetaphil Natural Hair Mask","1","0","","1","","5347","Hair Care","Cetaphil","","4.4","738"
"SKINO-449","Rare Beauty Essential Body Oil","1","0","","1","1381","1854","Body Care","Rare Beauty","","4","287"
"SKINO-354","Fenty Beauty Hydrating Perfume Oil","1","0","","1","2956","3892","Fragrance","Fenty","","4.6","609"
"SKINO-163","Charlotte Tilbury Gentle Lipstick","1","0","","1","","2768","Makeup","Charlotte","","3.9","362"
"SKINO-400","Rare Beauty Intense Roll-on Perfume","1","0","","1","","5029","Fragrance","Rare Beauty","","4.8","711"
"SKINO-337","Urban Decay Everyday Roll-on Perfume","1","0","","1","3174","3294","Fragrance","Urban","","4.1","191"
"SKINO-595","Huda Beauty Luminous Mirror","1","0","","1","","4849","Accessories","Huda","","3.8","537"
"SKINO-22","CeraVe Revitalizing Cream","1","0","","1","3271","3904","Skin Care","CeraVe","","4.1","86"
"SKINO-581","Medicube Radiant Mirror","1","0","","1","5004","5015","Accessories","Medicube","","3.9","478"
"SKINO-422","Dove Luminous Body Oil","1","0","","1","","5144","Body Care","Dove","","4.8","710"
"SKINO-16","CeraVe Premium Cleanser","1","0","","1","4212","6015","Skin Care","CeraVe","","4.6","431"
"SKINO-440","COSRX Natural Body Oil","1","0","","1","3796","4805","Body Care","Cosrx","","3.6","406"
"SKINO-412","COSRX Natural Foot Cream","1","0","","1","","5310","Body Care","Cosrx","","4.1","58"
"SKINO-567","Olaplex Soothing Jade Roller","1","0","","1","4781","6166","Accessories","Olaplex","","3.9","666"
"SKINO-585","Medicube Matte Headband","1","0","","1","1898","2501","Accessories","Medicube","","4.9","894"
"SKINO-553","Charlotte Tilbury Professional Tweezers","1","0","","1","","2020","Accessories","Charlotte","","4.6","547"
"SKINO-65","Dove Hydrating Cleanser","1","0","","1","","1484","Skin Care","Dove","","4.1","705"
"SKINO-478","Bath & Body Works Soothing Body Wash","1","0","","1","","3477","Body Care","Bath & Body Works","","3.9","602"
"SKINO-497","Olaplex Professional Massage Oil","1","0","","1","","964","Body Care","Olaplex","","3.8","551"
"SKINO-91","Glossier Advanced Toner","1","0","","1","","3802","Skin Care","Glossier","","4.2","863"
"SKINO-488","La Roche-Posay Luxury Massage Oil","1","0","","1","","1239","Body Care","La","","4.6","75"
"SKINO-159","Bath & Body Works Matte Highlighter","1","0","","1","","851","Makeup","Bath & Body Works","","3.5","522"
"SKINO-144","Moroccanoil Gentle Blush","1","0","","1","","3676","Makeup","Moroccanoil","","4.3","529"
"SKINO-270","Dior Organic Shampoo","1","0","","1","1951","2493","Hair Care","Dior","","4.8","558"
"SKINO-201","Fenty Beauty Silky Hair Mask","1","0","","1","","2951","Hair Care","Fenty","","4.4","930"
"SKINO-298","COSRX Advanced Leave-in Conditioner","1","0","","1","","2522","Hair Care","Cosrx","","4","816"
"SKINO-572","Olaplex Revitalizing Makeup Brush Set","1","0","","1","2622","2662","Accessories","Olaplex","","3.9","99"
"SKINO-231","Dior Everyday Serum","1","0","","1","","3258","Hair Care","Dior","","3.8","678"
"SKINO-204","Huda Beauty Soothing Hair Oil","1","0","","1","","3962","Hair Care","Huda","","4.3","469"
"SKINO-281","Bath & Body Works Matte Hairspray","1","0","","1","","3555","Hair Care","Bath & Body Works","","4.2","356"
"SKINO-316","NYX Nourishing Eau de Parfum","1","0","","1","","3827","Fragrance","NYX","","4.3","747"
"SKINO-374","LANEIGE Organic Scented Lotion","1","0","","1","2619","3407","Fragrance","LANEIGE","","4.8","318"
"SKINO-560","Huda Beauty Natural Hair Brush","1","0","","1","4678","5874","Accessories","Huda","","3.8","108"
"SKINO-185","Dove Luminous Eyeshadow Palette","1","0","","1","","2359","Makeup","Dove","","3.6","534"
"SKINO-399","Moroccanoil Luxury Body Mist","1","0","","1","1002","1122","Fragrance","Moroccanoil","","5","754"
"SKINO-386","La Roche-Posay Soothing Scented Lotion","1","0","","1","4768","5321","Fragrance","La","","4.2","694"
"SKINO-99","COSRX Revitalizing Moisturizer","1","0","","1","5279","5359","Skin Care","Cosrx","","4.1","47"
"SKINO-547","COSRX Natural Beauty Sponge","1","0","","1","2971","3953","Accessories","Cosrx","","4.8","569"
"SKINO-397","The Ordinary Glossy Hair Perfume","1","0","","1","","595","Fragrance","The","","4.7","617"
"SKINO-122","Urban Decay Organic Foundation","1","0","","1","","5152","Makeup","Urban","","3.8","407"
"SKINO-199","Cetaphil Intense Concealer","1","0","","1","","5429","Makeup","Cetaphil","","3.8","849"
"SKINO-106","Moroccanoil Everyday Lipstick","1","0","","1","3462","4495","Makeup","Moroccanoil","","3.9","887"
"SKINO-408","Moroccanoil Intense Deodorant","1","0","","1","","2147","Body Care","Moroccanoil","","3.6","788"
"SKINO-75","Charlotte Tilbury Glossy Balm","1","0","","1","","1968","Skin Care","Charlotte","","3.7","427"
"SKINO-576","Dior Premium Beauty Sponge","1","0","","1","3530","4752","Accessories","Dior","","3.7","328"
"SKINO-583","Olaplex Hydrating Beauty Sponge","1","0","","1","4960","5144","Accessories","Olaplex","","4.1","559"
"SKINO-40","LANEIGE Matte Sunscreen","1","0","","1","","1445","Skin Care","LANEIGE","","4.1","16"
"SKINO-584","CeraVe Natural Makeup Brush Set","1","0","","1","1179","1550","Accessories","CeraVe","","4","392"
"SKINO-389","Fenty Beauty Flawless Cologne","1","0","","1","2273","3368","Fragrance","Fenty","","4.5","158"
"SKINO-85","Medicube Advanced Mask","1","0","","1","3393","3915","Skin Care","Medicube","","4.9","793"
"SKINO-522","Rare Beauty Professional Eyelash Curler","1","0","","1","","2659","Accessories","Rare Beauty","","4.7","775"
"SKINO-425","Cetaphil Matte Shower Gel","1","0","","1","1088","1396","Body Care","Cetaphil","","4.5","328"
"SKINO-20","LANEIGE Glossy Essence","1","0","","1","3481","3747","Skin Care","LANEIGE","","4.1","557"
"SKINO-304","Bath & Body Works Everyday Perfume Oil","1","0","","1","","5060","Fragrance","Bath & Body Works","","4","531"
"SKINO-432","Dove Matte Body Lotion","1","0","","1","","3330","Body Care","Dove","","3.6","991"
"SKINO-570","Urban Decay Luminous Beauty Sponge","1","0","","1","","2669","Accessories","Urban","","4.5","454"
"SKINO-450","Rare Beauty Gentle Body Wash","1","0","","1","","822","Body Care","Rare Beauty","","4.7","649"
"SKINO-118","La Roche-Posay Gentle Mascara","1","0","","1","5438","7194","Makeup","La","","3.6","127"
"SKINO-468","Glossier Professional Shower Gel","1","0","","1","2597","3414","Body Care","Glossier","","4.6","61"
"SKINO-335","Charlotte Tilbury Glossy Scented Lotion","1","0","","1","","4838","Fragrance","Charlotte","","4.4","69"
"SKINO-312","The Ordinary Luxury Roll-on Perfume","1","0","","1","","5419","Fragrance","The","","3.9","331"
"SKINO-271","Moroccanoil Flawless Scalp Treatment","1","0","","1","2298","2695","Hair Care","Moroccanoil","","4.2","706"
"SKINO-504","Rare Beauty Advanced Mirror","1","0","","1","4440","5625","Accessories","Rare Beauty","","4.2","298"
"SKINO-588","Charlotte Tilbury Advanced Tweezers","1","0","","1","2956","3066","Accessories","Charlotte","","3.5","367"
"SKINO-139","Glossier Organic Lip Gloss","1","0","","1","1352","1624","Makeup","Glossier","","4.4","371"
"SKINO-454","Huda Beauty Professional Body Lotion","1","0","","1","4671","6640","Body Care","Huda","","4.2","149"
"SKINO-306","CeraVe Luxury Hair Perfume","1","0","","1","2001","2409","Fragrance","CeraVe","","4.8","948"
"SKINO-272","SHEGLAM Premium Hairspray","1","0","","1","2865","3335","Hair Care","Sheglam","","3.7","137"
"SKINO-453","La Roche-Posay Revitalizing Body Lotion","1","0","","1","","938","Body Care","La","","3.6","967"
"SKINO-378","NYX Luxury Hair Perfume","1","0","","1","4786","5099","Fragrance","NYX","","4.5","771"
"SKINO-221","Charlotte Tilbury Flawless Conditioner","1","0","","1","","3376","Hair Care","Charlotte","","4.1","536"
"SKINO-197","Fenty Beauty Premium Foundation","1","0","","1","2280","2416","Makeup","Fenty","","4.1","272"
"SKINO-28","Cetaphil Matte Sunscreen","1","0","","1","5276","6546","Skin Care","Cetaphil","","4.3","303"
"SKINO-37","LANEIGE Everyday Peel","1","0","","1","2040","3049","Skin Care","LANEIGE","","4.3","578"
"SKINO-2","La Roche-Posay Organic Toner","1","0","","1","4003","5102","Skin Care","La","","4.4","214"
"SKINO-470","NYX Gentle Shower Gel","1","0","","1","3839","4381","Body Care","NYX","","3.7","985"
"SKINO-137","La Roche-Posay Premium Foundation","1","0","","1","","2891","Makeup","La","","3.8","130"
"SKINO-600","Cetaphil Essential Mirror","1","0","","1","4565","4804","Accessories","Cetaphil","","4","341"
"SKINO-447","Huda Beauty Essential Hand Cream","1","0","","1","","2371","Body Care","Huda","","4.5","476"
"SKINO-43","Dove Premium Peel","1","0","","1","","4057","Skin Care","Dove","","3.6","342"
"SKINO-69","Charlotte Tilbury Revitalizing Cleanser","1","0","","1","2257","3310","Skin Care","Charlotte","","4.8","177"
"SKINO-24","Olaplex Premium Toner","1","0","","1","4006","4984","Skin Care","Olaplex","","4.3","925"
"SKINO-12","COSRX Silky Sunscreen","1","0","","1","","3112","Skin Care","Cosrx","","4","581"
"SKINO-540","Medicube Flawless Beauty Sponge","1","0","","1","4542","5616","Accessories","Medicube","","4","914"
"SKINO-189","Bath & Body Works Premium Concealer","1","0","","1","","679","Makeup","Bath & Body Works","","4.4","783"
"SKINO-369","NYX Glossy Body Mist","1","0","","1","","1572","Fragrance","NYX","","4.3","429"
"SKINO-217","Dove Matte Conditioner","1","0","","1","","606","Hair Care","Dove","","3.9","677"
"SKINO-366","COSRX Hydrating Roll-on Perfume","1","0","","1","1333","1851","Fragrance","Cosrx","","3.7","702"
"SKINO-332","Urban Decay Glossy Eau de Toilette","1","0","","1","4488","4713","Fragrance","Urban","","4.7","320"
"SKINO-460","Glossier Premium Bath Bomb","1","0","","1","4609","6598","Body Care","Glossier","","4.5","634"
"SKINO-532","Fenty Beauty Advanced Mirror","1","0","","1","","5149","Accessories","Fenty","","4.1","858"
"SKINO-36","NYX Radiant Serum","1","0","","1","750","996","Skin Care","NYX","","3.6","969"
"SKINO-109","La Roche-Posay Premium Mascara","1","0","","1","4620","6180","Makeup","La","","5","932"
"SKINO-218","LANEIGE Revitalizing Hair Mask","1","0","","1","1967","2662","Hair Care","LANEIGE","","3.7","608"
"SKINO-562","NYX Premium Eyelash Curler","1","0","","1","","4442","Accessories","NYX","","4.5","188"
"SKINO-420","Olaplex Natural Body Scrub","1","0","","1","","2306","Body Care","Olaplex","","4.4","225"
"SKINO-479","Huda Beauty Essential Body Oil","1","0","","1","","3534","Body Care","Huda","","4.6","113"
"SKINO-536","Dove Intense Jade Roller","1","0","","1","","2527","Accessories","Dove","","3.6","880"
"SKINO-324","Dove Premium Body Mist","1","0","","1","4212","4273","Fragrance","Dove","","4.6","740"
"SKINO-597","Medicube Organic Beauty Sponge","1","0","","1","","823","Accessories","Medicube","","3.8","1009"
"SKINO-541","Huda Beauty Intense Tweezers","1","0","","1","2730","2807","Accessories","Huda","","3.9","546"
"SKINO-256","Dior Glossy Hair Mask","1","0","","1","4142","4580","Hair Care","Dior","","4.5","425"
"SKINO-8","Dove Everyday Sunscreen","1","0","","1","741","743","Skin Care","Dove","","3.9","539"
"SKINO-502","Bath & Body Works Soothing Jade Roller","1","0","","1","2106","2670","Accessories","Bath & Body Works","","4.1","478"
"SKINO-535","La Roche-Posay Professional Tweezers","1","0","","1","5083","5484","Accessories","La","","3.7","158"
"SKINO-84","Moroccanoil Professional Balm","1","0","","1","3035","4467","Skin Care","Moroccanoil","","5","345"
"SKINO-555","Olaplex Everyday Makeup Brush Set","1","0","","1","3247","3997","Accessories","Olaplex","","3.7","112"
"SKINO-355","CeraVe Premium Eau de Toilette","1","0","","1","4168","6193","Fragrance","CeraVe","","4.3","737"
"SKINO-54","Dove Revitalizing Balm","1","0","","1","2896","3146","Skin Care","Dove","","4.3","409"
"SKINO-498","Medicube Advanced Massage Oil","1","0","","1","5115","5882","Body Care","Medicube","","3.8","418"
"SKINO-464","Cetaphil Silky Deodorant","1","0","","1","1086","1180","Body Care","Cetaphil","","4.5","60"
"SKINO-524","LANEIGE Flawless Tweezers","1","0","","1","","3088","Accessories","LANEIGE","","4.4","39"
"SKINO-530","Urban Decay Organic Hair Brush","1","0","","1","","3364","Accessories","Urban","","4.9","624"
"SKINO-564","Glossier Luminous Hair Brush","1","0","","1","1149","1368","Accessories","Glossier","","4.8","991"
"SKINO-52","Olaplex Intense Toner","1","0","","1","","4263","Skin Care","Olaplex","","4.7","799"
"SKINO-415","NYX Radiant Hand Cream","1","0","","1","","1187","Body Care","NYX","","3.7","302"
"SKINO-262","SHEGLAM Everyday Shampoo","1","0","","1","1059","1310","Hair Care","Sheglam","","4.7","828"
"SKINO-277","Cetaphil Revitalizing Dry Shampoo","1","0","","1","2900","2966","Hair Care","Cetaphil","","4.7","96"
"SKINO-566","Cetaphil Glossy Beauty Sponge","1","0","","1","1944","2234","Accessories","Cetaphil","","3.9","177"
"SKINO-313","Huda Beauty Luminous Perfume Oil","1","0","","1","","5174","Fragrance","Huda","","3.7","832"
"SKINO-495","SHEGLAM Luminous Body Oil","1","0","","1","3195","4062","Body Care","Sheglam","","4.4","707"
"SKINO-467","Olaplex Advanced Body Lotion","1","0","","1","2806","3483","Body Care","Olaplex","","3.6","635"
"SKINO-514","Glossier Everyday Cosmetic Bag","1","0","","1","5221","5401","Accessories","Glossier","","4.9","38"
"SKINO-288","CeraVe Revitalizing Dry Shampoo","1","0","","1","","4910","Hair Care","CeraVe","","3.5","97"
"SKINO-208","NYX Everyday Hair Mask","1","0","","1","3114","4247","Hair Care","NYX","","3.5","639"
"SKINO-92","Huda Beauty Soothing Cream","1","0","","1","1331","1786","Skin Care","Huda","","4","79"
"SKINO-286","Charlotte Tilbury Soothing Shampoo","1","0","","1","4855","6495","Hair Care","Charlotte","","3.8","452"
"SKINO-385","Olaplex Revitalizing Hair Perfume","1","0","","1","","5010","Fragrance","Olaplex","","3.9","404"
"SKINO-373","Rare Beauty Nourishing Scented Lotion","1","0","","1","4760","5931","Fragrance","Rare Beauty","","4.3","808"
"SKINO-27","Huda Beauty Nourishing Serum","1","0","","1","","619","Skin Care","Huda","","4.7","227"
"SKINO-80","Rare Beauty Premium Cream","1","0","","1","1498","2043","Skin Care","Rare Beauty","","3.8","1000"
"SKINO-326","Rare Beauty Natural Eau de Toilette","1","0","","1","2586","3326","Fragrance","Rare Beauty","","4.6","339"
"SKINO-289","Moroccanoil Essential Hair Oil","1","0","","1","","4067","Hair Care","Moroccanoil","","4.6","246"
"SKINO-169","Dior Radiant Highlighter","1","0","","1","4313","4872","Makeup","Dior","","4.3","862"
"SKINO-411","Fenty Beauty Everyday Shower Gel","1","0","","1","","2276","Body Care","Fenty","","4.7","804"
"SKINO-257","CeraVe Gentle Leave-in Conditioner","1","0","","1","","1811","Hair Care","CeraVe","","4.1","834"
"SKINO-398","Glossier Premium Eau de Parfum","1","0","","1","590","698","Fragrance","Glossier","","4.1","99"
"SKINO-349","NYX Natural Scented Lotion","1","0","","1","","5326","Fragrance","NYX","","4.5","681"
"SKINO-375","Olaplex Matte Scented Lotion","1","0","","1","","4988","Fragrance","Olaplex","","4.7","532"
"SKINO-427","Moroccanoil Gentle Shower Gel","1","0","","1","504","534","Body Care","Moroccanoil","","4.8","864"
"SKINO-41","Huda Beauty Luminous Cream","1","0","","1","","2399","Skin Care","Huda","","4.7","529"
"SKINO-561","Fenty Beauty Flawless Beauty Sponge","1","0","","1","","4130","Accessories","Fenty","","3.5","252"
"SKINO-176","LANEIGE Essential Blush","1","0","","1","4802","6591","Makeup","LANEIGE","","3.8","531"
"SKINO-283","Moroccanoil Intense Serum","1","0","","1","","1800","Hair Care","Moroccanoil","","3.8","325"
"SKINO-423","Bath & Body Works Luminous Body Lotion","1","0","","1","","2510","Body Care","Bath & Body Works","","4.6","709"
"SKINO-104","COSRX Glossy Setting Spray","1","0","","1","","4322","Makeup","Cosrx","","4.5","738"
"SKINO-215","Olaplex Hydrating Serum","1","0","","1","","1744","Hair Care","Olaplex","","4","597"
"SKINO-481","Cetaphil Natural Body Lotion","1","0","","1","","5077","Body Care","Cetaphil","","4.7","301"
"SKINO-157","Rare Beauty Professional Eyeshadow Palette","1","0","","1","","4992","Makeup","Rare Beauty","","4","285"
"SKINO-5","Rare Beauty Professional Moisturizer","1","0","","1","3864","5320","Skin Care","Rare Beauty","","4.9","428"
"SKINO-146","Rare Beauty Advanced Lipstick","1","0","","1","","1679","Makeup","Rare Beauty","","4.2","743"
"SKINO-290","SHEGLAM Natural Hairspray","1","0","","1","","3461","Hair Care","Sheglam","","4.5","196"
"SKINO-198","Olaplex Revitalizing Foundation","1","0","","1","","1402","Makeup","Olaplex","","4.2","54"
"SKINO-317","COSRX Premium Eau de Parfum","1","0","","1","","524","Fragrance","Cosrx","","4","508"
"SKINO-252","CeraVe Organic Scalp Treatment","1","0","","1","2036","2771","Hair Care","CeraVe","","4","561"
"SKINO-575","Dove Gentle Cosmetic Bag","1","0","","1","2618","2790","Accessories","Dove","","3.6","129"
"SKINO-574","Dior Matte Cosmetic Bag","1","0","","1","780","1166","Accessories","Dior","","4","537"
"SKINO-368","Glossier Matte Scented Lotion","1","0","","1","5282","7629","Fragrance","Glossier","","4.7","796"
"SKINO-525","The Ordinary Essential Gua Sha","1","0","","1","","5487","Accessories","The","","4.4","101"
"SKINO-297","La Roche-Posay Revitalizing Conditioner","1","0","","1","","2803","Hair Care","La","","4","804"
"SKINO-395","Dove Flawless Perfume Oil","1","0","","1","2124","2997","Fragrance","Dove","","3.8","647"
"SKINO-194","Bath & Body Works Luxury Blush","1","0","","1","","5398","Makeup","Bath & Body Works","","3.9","695"
"SKINO-238","La Roche-Posay Luminous Dry Shampoo","1","0","","1","","1908","Hair Care","La","","4.5","951"
"SKINO-466","Urban Decay Essential Body Lotion","1","0","","1","4592","6836","Body Care","Urban","","4.9","120"
"SKINO-89","Fenty Beauty Nourishing Balm","1","0","","1","4991","6645","Skin Care","Fenty","","4.8","371"
"SKINO-318","Moroccanoil Premium Solid Perfume","1","0","","1","","3111","Fragrance","Moroccanoil","","4.7","223"
"SKINO-13","The Ordinary Matte Mask","1","0","","1","3325","4667","Skin Care","The","","4.5","396"
"SKINO-284","SHEGLAM Everyday Styling Gel","1","0","","1","4760","5171","Hair Care","Sheglam","","3.9","755"
"SKINO-429","Fenty Beauty Professional Foot Cream","1","0","","1","","4371","Body Care","Fenty","","3.7","403"
"SKINO-462","Medicube Revitalizing Body Oil","1","0","","1","","1006","Body Care","Medicube","","4.6","615"
"SKINO-48","CeraVe Radiant Balm","1","0","","1","3286","3396","Skin Care","CeraVe","","4","390"
"SKINO-551","Charlotte Tilbury Organic Jade Roller","1","0","","1","","2066","Accessories","Charlotte","","4.1","138"
"SKINO-86","Charlotte Tilbury Nourishing Peel","1","0","","1","4215","5912","Skin Care","Charlotte","","4.5","188"
"SKINO-377","Rare Beauty Essential Scented Lotion","1","0","","1","4113","6046","Fragrance","Rare Beauty","","3.8","524"
"SKINO-168","Huda Beauty Nourishing Lipstick","1","0","","1","","2680","Makeup","Huda","","4.8","339"
"SKINO-387","La Roche-Posay Intense Roll-on Perfume","1","0","","1","","2269","Fragrance","La","","4.7","842"
"SKINO-113","La Roche-Posay Luminous Concealer","1","0","","1","1624","1796","Makeup","La","","4.5","880"
"SKINO-311","SHEGLAM Intense Eau de Toilette","1","0","","1","","3649","Fragrance","Sheglam","","3.7","968"
"SKINO-158","NYX Advanced Concealer","1","0","","1","2951","3214","Makeup","NYX","","4.3","142"
"SKINO-475","LANEIGE Premium Hand Cream","1","0","","1","709","949","Body Care","LANEIGE","","4.9","745"
"SKINO-156","CeraVe Nourishing Primer","1","0","","1","1899","2403","Makeup","CeraVe","","3.9","983"
"SKINO-173","Medicube Professional Lipstick","1","0","","1","885","1168","Makeup","Medicube","","3.6","481"
"SKINO-534","Dior Luminous Gua Sha","1","0","","1","984","1472","Accessories","Dior","","4","606"
"SKINO-7","Dove Matte Moisturizer","1","0","","1","1969","2472","Skin Care","Dove","","3.7","826"
"SKINO-260","Huda Beauty Gentle Leave-in Conditioner","1","0","","1","","2323","Hair Care","Huda","","3.7","948"
"SKINO-162","Dior Premium Eyeshadow Palette","1","0","","1","","1940","Makeup","Dior","","4.8","591"
"SKINO-145","Olaplex Silky Lip Gloss","1","0","","1","","1331","Makeup","Olaplex","","3.8","332"
"SKINO-190","LANEIGE Luminous Highlighter","1","0","","1","4468","6367","Makeup","LANEIGE","","4.3","819"
"SKINO-305","Dior Soothing Body Mist","1","0","","1","","4313","Fragrance","Dior","","4.6","937"
"SKINO-114","Moroccanoil Silky Highlighter","1","0","","1","","1140","Makeup","Moroccanoil","","3.6","25"
"SKINO-591","Medicube Radiant Tweezers","1","0","","1","4377","5883","Accessories","Medicube","","3.7","203"
"SKINO-487","Dove Hydrating Body Scrub","1","0","","1","","2536","Body Care","Dove","","4.3","550"
"SKINO-296","Glossier Luminous Hairspray","1","0","","1","1820","2013","Hair Care","Glossier","","4.9","533"
"SKINO-485","Charlotte Tilbury Glossy Body Oil","1","0","","1","5338","6890","Body Care","Charlotte","","3.6","387"
"SKINO-77","Charlotte Tilbury Revitalizing Toner","1","0","","1","","3858","Skin Care","Charlotte","","4.9","133"
"SKINO-153","Medicube Matte Highlighter","1","0","","1","4105","4330","Makeup","Medicube","","4.2","200"
"SKINO-235","The Ordinary Advanced Serum","1","0","","1","","3080","Hair Care","The","","3.6","866"
"SKINO-590","COSRX Organic Tweezers","1","0","","1","","1118","Accessories","Cosrx","","5","462"
"SKINO-46","Bath & Body Works Matte Moisturizer","1","0","","1","1131","1390","Skin Care","Bath & Body Works","","4.3","400"
"SKINO-404","Charlotte Tilbury Essential Bath Bomb","1","0","","1","","631","Body Care","Charlotte","","3.5","107"
"SKINO-357","Urban Decay Luminous Body Spray","1","0","","1","","2206","Fragrance","Urban","","3.6","271"
"SKINO-361","Dior Flawless Eau de Parfum","1","0","","1","","2221","Fragrance","Dior","","4.8","784"
"SKINO-171","COSRX Gentle Highlighter","1","0","","1","","943","Makeup","Cosrx","","4.4","969"
"SKINO-224","Moroccanoil Luxury Hair Oil","1","0","","1","","2337","Hair Care","Moroccanoil","","3.8","973"
"SKINO-569","Cetaphil Soothing Eyelash Curler","1","0","","1","","932","Accessories","Cetaphil","","4.4","451"
"SKINO-571","CeraVe Premium Makeup Brush Set","1","0","","1","","632","Accessories","CeraVe","","4.5","125"
"SKINO-473","Dove Silky Body Lotion","1","0","","1","1917","2531","Body Care","Dove","","4.2","453"
"SKINO-331","Olaplex Everyday Cologne","1","0","","1","","3771","Fragrance","Olaplex","","4.4","900"
"SKINO-587","Fenty Beauty Silky Mirror","1","0","","1","2133","2464","Accessories","Fenty","","4.8","704"
"SKINO-521","Urban Decay Soothing Beauty Sponge","1","0","","1","","962","Accessories","Urban","","4.6","445"
"SKINO-273","NYX Essential Hair Oil","1","0","","1","","4914","Hair Care","NYX","","3.5","801"
"SKINO-531","Bath & Body Works Intense Jade Roller","1","0","","1","1901","2275","Accessories","Bath & Body Works","","4.5","196"
"SKINO-319","COSRX Glossy Scented Lotion","1","0","","1","1909","2497","Fragrance","Cosrx","","4.7","883"
"SKINO-259","CeraVe Nourishing Hairspray","1","0","","1","3794","4130","Hair Care","CeraVe","","3.9","101"
"SKINO-414","Fenty Beauty Glossy Massage Oil","1","0","","1","4770","6369","Body Care","Fenty","","3.5","870"
"SKINO-148","Medicube Natural Mascara","1","0","","1","539","572","Makeup","Medicube","","4.1","645"
"SKINO-407","Olaplex Luminous Deodorant","1","0","","1","1882","2020","Body Care","Olaplex","","4.1","503"
"SKINO-81","Moroccanoil Intense Essence","1","0","","1","","697","Skin Care","Moroccanoil","","3.6","212"
"SKINO-188","Dove Glossy Eyeshadow Palette","1","0","","1","","549","Makeup","Dove","","4.5","876"
"SKINO-367","Medicube Essential Body Mist","1","0","","1","","1548","Fragrance","Medicube","","4.4","893"
"SKINO-225","SHEGLAM Silky Styling Gel","1","0","","1","4834","5769","Hair Care","Sheglam","","4","381"
"SKINO-107","SHEGLAM Nourishing Eyeshadow Palette","1","0","","1","","1540","Makeup","Sheglam","","4.2","545"
"SKINO-338","Urban Decay Luxury Eau de Toilette","1","0","","1","","2913","Fragrance","Urban","","4","21"
"SKINO-508","Charlotte Tilbury Radiant Gua Sha","1","0","","1","","4857","Accessories","Charlotte","","3.5","340"
"SKINO-143","NYX Revitalizing Foundation","1","0","","1","","1012","Makeup","NYX","","4.7","290"
"SKINO-433","Moroccanoil Essential Body Lotion","1","0","","1","","2246","Body Care","Moroccanoil","","3.8","982"
"SKINO-6","Cetaphil Luxury Essence","1","0","","1","4634","5485","Skin Care","Cetaphil","","3.6","291"
"SKINO-579","Huda Beauty Natural Jade Roller","1","0","","1","4843","7009","Accessories","Huda","","4","246"
"SKINO-178","Rare Beauty Natural Setting Spray","1","0","","1","2670","3860","Makeup","Rare Beauty","","4.4","762"
"SKINO-430","Rare Beauty Professional Shower Gel","1","0","","1","","2659","Body Care","Rare Beauty","","4.5","21"
"SKINO-152","Glossier Professional Lip Gloss","1","0","","1","851","1139","Makeup","Glossier","","4.6","932"
"SKINO-29","CeraVe Matte Serum","1","0","","1","4317","5130","Skin Care","CeraVe","","4.8","472"
"SKINO-110","Dove Premium Foundation","1","0","","1","","4984","Makeup","Dove","","4.2","865"
"SKINO-26","LANEIGE Advanced Cream","1","0","","1","4137","5720","Skin Care","LANEIGE","","3.7","100"
"SKINO-186","COSRX Radiant Foundation","1","0","","1","4025","5920","Makeup","Cosrx","","4.6","794"
"SKINO-209","Olaplex Luminous Hair Oil","1","0","","1","3205","3259","Hair Care","Olaplex","","4.2","802"
"SKINO-167","Glossier Essential Eyeshadow Palette","1","0","","1","","5337","Makeup","Glossier","","3.6","354"
"SKINO-45","Moroccanoil Matte Mask","1","0","","1","","2054","Skin Care","Moroccanoil","","4","985"
"SKINO-15","La Roche-Posay Essential Moisturizer","1","0","","1","4501","6327","Skin Care","La","","3.6","131"
"SKINO-100","Bath & Body Works Nourishing Mask","1","0","","1","2914","3186","Skin Care","Bath & Body Works","","4.3","326"
"SKINO-403","CeraVe Hydrating Foot Cream","1","0","","1","835","1016","Body Care","CeraVe","","4.7","487"
"SKINO-471","Charlotte Tilbury Natural Body Wash","1","0","","1","4557","5296","Body Care","Charlotte","","4.7","544"
"SKINO-50","SHEGLAM Gentle Cream","1","0","","1","","5457","Skin Care","Sheglam","","3.8","735"
"SKINO-212","NYX Revitalizing Dry Shampoo","1","0","","1","","2808","Hair Care","NYX","","3.7","314"
"SKINO-211","La Roche-Posay Professional Leave-in Conditioner","1","0","","1","","2844","Hair Care","La","","4.4","858"
"SKINO-154","Charlotte Tilbury Advanced Concealer","1","0","","1","","4252","Makeup","Charlotte","","3.8","217"
"SKINO-336","Olaplex Gentle Perfume Oil","1","0","","1","934","1267","Fragrance","Olaplex","","4.1","450"
"SKINO-545","SHEGLAM Everyday Eyelash Curler","1","0","","1","4242","4766","Accessories","Sheglam","","4.5","840"
"SKINO-512","Urban Decay Luxury Eyelash Curler","1","0","","1","","4288","Accessories","Urban","","4.8","178"
"SKINO-499","Bath & Body Works Natural Deodorant","1","0","","1","4832","6743","Body Care","Bath & Body Works","","4.7","809"
"SKINO-325","Urban Decay Silky Body Spray","1","0","","1","","4738","Fragrance","Urban","","4.7","451"
"SKINO-343","Dior Gentle Scented Lotion","1","0","","1","","4765","Fragrance","Dior","","4.6","460"
"SKINO-220","Medicube Hydrating Leave-in Conditioner","1","0","","1","","3908","Hair Care","Medicube","","4.4","196"
"SKINO-542","La Roche-Posay Flawless Hair Brush","1","0","","1","","2243","Accessories","La","","3.8","343"
"SKINO-594","LANEIGE Glossy Jade Roller","1","0","","1","3437","4792","Accessories","LANEIGE","","4.3","147"
"SKINO-314","The Ordinary Organic Cologne","1","0","","1","","2918","Fragrance","The","","4.9","802"
"SKINO-334","Fenty Beauty Premium Body Mist","1","0","","1","3156","3585","Fragrance","Fenty","","4","421"
"SKINO-279","Dior Organic Scalp Treatment","1","0","","1","","4136","Hair Care","Dior","","4.8","692"
"SKINO-105","NYX Radiant Blush","1","0","","1","","2821","Makeup","NYX","","4.1","524"
"SKINO-505","Glossier Luxury Headband","1","0","","1","4237","5373","Accessories","Glossier","","4.2","919"
"SKINO-200","LANEIGE Luminous Lipstick","1","0","","1","","2296","Makeup","LANEIGE","","3.9","841"
"SKINO-293","Dove Flawless Shampoo","1","0","","1","834","1135","Hair Care","Dove","","3.8","504"
"SKINO-330","Charlotte Tilbury Revitalizing Body Mist","1","0","","1","3588","5186","Fragrance","Charlotte","","4.4","625"
"SKINO-121","Dior Soothing Concealer","1","0","","1","3952","5219","Makeup","Dior","","4.8","700"
"SKINO-515","Dior Glossy Gua Sha","1","0","","1","853","1220","Accessories","Dior","","3.9","809"
"SKINO-60","Charlotte Tilbury Natural Cream","1","0","","1","","781","Skin Care","Charlotte","","4.8","416"
"SKINO-285","Olaplex Essential Styling Gel","1","0","","1","","1683","Hair Care","Olaplex","","4.8","71"
"SKINO-120","Urban Decay Radiant Lipstick","1","0","","1","","2953","Makeup","Urban","","4.5","955"
"SKINO-328","Fenty Beauty Advanced Eau de Parfum","1","0","","1","5292","6524","Fragrance","Fenty","","4.1","818"
"SKINO-384","COSRX Everyday Scented Lotion","1","0","","1","","5269","Fragrance","Cosrx","","4","433"
"SKINO-44","Huda Beauty Intense Moisturizer","1","0","","1","1092","1246","Skin Care","Huda","","4.5","562"
"SKINO-160","Moroccanoil Intense Concealer","1","0","","1","5473","8051","Makeup","Moroccanoil","","3.8","727"
"SKINO-303","Huda Beauty Hydrating Hair Perfume","1","0","","1","3748","4910","Fragrance","Huda","","4.6","254"
"SKINO-446","NYX Glossy Foot Cream","1","0","","1","","2773","Body Care","NYX","","4","982"
"SKINO-465","COSRX Premium Deodorant","1","0","","1","3638","3897","Body Care","Cosrx","","4.9","366"
"SKINO-246","COSRX Professional Serum","1","0","","1","1503","1987","Hair Care","Cosrx","","4.7","420"
"SKINO-500","The Ordinary Glossy Body Oil","1","0","","1","3001","4037","Body Care","The","","4.8","634"
"SKINO-19","Moroccanoil Premium Toner","1","0","","1","","2115","Skin Care","Moroccanoil","","3.7","917"
"SKINO-359","Olaplex Professional Cologne","1","0","","1","4854","6570","Fragrance","Olaplex","","4.8","253"
"SKINO-193","COSRX Revitalizing Concealer","1","0","","1","","4092","Makeup","Cosrx","","4.4","476"
"SKINO-79","SHEGLAM Silky Balm","1","0","","1","1280","1474","Skin Care","Sheglam","","3.7","1005"
"SKINO-302","CeraVe Essential Scented Lotion","1","0","","1","","4452","Fragrance","CeraVe","","4.4","634"
"SKINO-196","COSRX Luxury Concealer","1","0","","1","3301","3596","Makeup","Cosrx","","4.2","251"
"SKINO-132","The Ordinary Natural Mascara","1","0","","1","","4723","Makeup","The","","4.3","874"
"SKINO-249","La Roche-Posay Glossy Hairspray","1","0","","1","3909","4637","Hair Care","La","","4.1","523"
"SKINO-64","NYX Essential Moisturizer","1","0","","1","1177","1515","Skin Care","NYX","","3.8","451"
"SKINO-382","Moroccanoil Silky Roll-on Perfume","1","0","","1","2994","4061","Fragrance","Moroccanoil","","4","426"
"SKINO-216","Dior Natural Dry Shampoo","1","0","","1","3481","3982","Hair Care","Dior","","4.9","68"
"SKINO-493","CeraVe Hydrating Body Oil","1","0","","1","2285","3187","Body Care","CeraVe","","4.5","48"
"SKINO-140","Olaplex Premium Setting Spray","1","0","","1","","4818","Makeup","Olaplex","","3.8","657"
"SKINO-321","Cetaphil Professional Scented Lotion","1","0","","1","2431","2754","Fragrance","Cetaphil","","4.7","110"
"SKINO-134","Dove Everyday Highlighter","1","0","","1","5275","6529","Makeup","Dove","","4.1","416"
"SKINO-240","Huda Beauty Essential Styling Gel","1","0","","1","","697","Hair Care","Huda","","3.9","618"
"SKINO-207","Dove Natural Styling Gel","1","0","","1","4964","6166","Hair Care","Dove","","3.9","249"
"SKINO-72","Dove Professional Mask","1","0","","1","1011","1428","Skin Care","Dove","","4.3","261"
"SKINO-292","Olaplex Glossy Shampoo","1","0","","1","","2074","Hair Care","Olaplex","","4.8","41"
"SKINO-507","Fenty Beauty Organic Gua Sha","1","0","","1","4478","6023","Accessories","Fenty","","3.9","848"
"SKINO-166","CeraVe Radiant Mascara","1","0","","1","1111","1325","Makeup","CeraVe","","4.9","645"
"SKINO-370","NYX Luminous Hair Perfume","1","0","","1","","2249","Fragrance","NYX","","4.5","562"
"SKINO-529","The Ordinary Hydrating Tweezers","1","0","","1","3490","3848","Accessories","The","","3.5","48"
"SKINO-67","LANEIGE Silky Serum","1","0","","1","611","741","Skin Care","LANEIGE","","3.5","998"
"SKINO-155","Urban Decay Natural Lipstick","1","0","","1","","5284","Makeup","Urban","","3.8","123"
"SKINO-14","SHEGLAM Luminous Peel","1","0","","1","2018","2990","Skin Care","Sheglam","","3.9","126"
"SKINO-549","Cetaphil Essential Makeup Brush Set","1","0","","1","5281","5913","Accessories","Cetaphil","","4.7","623"
"SKINO-213","Dove Professional Scalp Treatment","1","0","","1","3476","4518","Hair Care","Dove","","4.1","314"
"SKINO-101","SHEGLAM Luxury Foundation","1","0","","1","3865","4724","Makeup","Sheglam","","4.8","857"
"SKINO-405","Cetaphil Flawless Hand Cream","1","0","","1","","4736","Body Care","Cetaphil","","5","816"
"SKINO-125","Huda Beauty Everyday Concealer","1","0","","1","","3506","Makeup","Huda","","3.8","621"
"SKINO-519","Dove Luminous Jade Roller","1","0","","1","2248","3007","Accessories","Dove","","3.9","859"
"SKINO-483","LANEIGE Nourishing Shower Gel","1","0","","1","","4277","Body Care","LANEIGE","","4.9","273"
"SKINO-490","Glossier Organic Body Scrub","1","0","","1","5115","6101","Body Care","Glossier","","4.8","783"
"SKINO-126","Dior Hydrating Lip Gloss","1","0","","1","","1784","Makeup","Dior","","4.4","551"
"SKINO-340","Charlotte Tilbury Natural Solid Perfume","1","0","","1","","1963","Fragrance","Charlotte","","4.4","110"
"SKINO-135","NYX Nourishing Setting Spray","1","0","","1","","4562","Makeup","NYX","","4.5","370"
"SKINO-282","CeraVe Hydrating Hair Mask","1","0","","1","1955","2822","Hair Care","CeraVe","","3.6","790"
"SKINO-558","The Ordinary Glossy Eyelash Curler","1","0","","1","3351","3556","Accessories","The","","4","249"
"SKINO-265","SHEGLAM Luxury Styling Gel","1","0","","1","","4049","Hair Care","Sheglam","","3.9","341"
"SKINO-418","Huda Beauty Natural Bath Bomb","1","0","","1","","2360","Body Care","Huda","","4.4","17"
"SKINO-383","Glossier Natural Perfume Oil","1","0","","1","","4655","Fragrance","Glossier","","3.5","317"
"SKINO-452","CeraVe Revitalizing Massage Oil","1","0","","1","","3243","Body Care","CeraVe","","4.9","321"
"SKINO-552","La Roche-Posay Intense Gua Sha","1","0","","1","","2752","Accessories","La","","4","292"
"SKINO-419","Dove Silky Body Oil","1","0","","1","3987","4108","Body Care","Dove","","4.2","351"
"SKINO-365","Moroccanoil Revitalizing Perfume Oil","1","0","","1","","3825","Fragrance","Moroccanoil","","4","477"
"SKINO-308","Charlotte Tilbury Glossy Scented Lotion","1","0","","1","","3699","Fragrance","Charlotte","","3.6","348"
"SKINO-439","Charlotte Tilbury Flawless Bath Bomb","1","0","","1","1232","1477","Body Care","Charlotte","","3.7","918"
"SKINO-94","Rare Beauty Hydrating Sunscreen","1","0","","1","4995","7177","Skin Care","Rare Beauty","","3.6","484"
"SKINO-477","Dove Gentle Shower Gel","1","0","","1","3300","3988","Body Care","Dove","","4.4","471"
"SKINO-180","Bath & Body Works Intense Lip Gloss","1","0","","1","","2905","Makeup","Bath & Body Works","","4.9","802"
"SKINO-174","Charlotte Tilbury Advanced Foundation","1","0","","1","4852","6800","Makeup","Charlotte","","3.9","377"
"SKINO-70","COSRX Natural Cleanser","1","0","","1","2172","2380","Skin Care","Cosrx","","4.9","475"
"SKINO-206","The Ordinary Intense Dry Shampoo","1","0","","1","4277","5921","Hair Care","The","","4","417"
"SKINO-484","Huda Beauty Hydrating Shower Gel","1","0","","1","2810","4026","Body Care","Huda","","3.6","426"
"SKINO-431","Dove Everyday Deodorant","1","0","","1","5125","6853","Body Care","Dove","","5","815"
"SKINO-142","NYX Intense Eyeshadow Palette","1","0","","1","","2244","Makeup","NYX","","4.1","519"
"SKINO-42","Cetaphil Luxury Cream","1","0","","1","2004","2884","Skin Care","Cetaphil","","4.6","357"
"SKINO-255","Charlotte Tilbury Soothing Scalp Treatment","1","0","","1","","949","Hair Care","Charlotte","","4","420"
"SKINO-323","The Ordinary Soothing Eau de Parfum","1","0","","1","","3377","Fragrance","The","","4.4","668"
"SKINO-274","Bath & Body Works Nourishing Shampoo","1","0","","1","5462","6260","Hair Care","Bath & Body Works","","4.5","36"
"SKINO-111","Fenty Beauty Flawless Blush","1","0","","1","3590","3763","Makeup","Fenty","","4.9","28"
"SKINO-242","La Roche-Posay Soothing Styling Gel","1","0","","1","","3111","Hair Care","La","","3.9","65"
"SKINO-533","Glossier Luxury Eyelash Curler","1","0","","1","","629","Accessories","Glossier","","4.2","313"
"SKINO-10000","Premium Acne Care Product 1","1","0","","1","1199","5484","Acne Care","Premium","","3.6","513"
"SKINO-10001","Premium Acne Care Product 2","1","0","","1","543","2806","Acne Care","Premium","","3.6","431"
"SKINO-10002","Premium Acne Care Product 3","1","0","","1","1383","4164","Acne Care","Premium","","3.8","99"
"SKINO-10003","Premium Acne Care Product 4","1","0","","1","2284","4632","Acne Care","Premium","","4.9","316"
"SKINO-10004","Premium Anti Aging Product 1","1","0","","1","1949","4239","Anti Aging","Premium","","3.6","392"
"SKINO-10005","Premium Anti Aging Product 2","1","0","","1","2437","4017","Anti Aging","Premium","","4.8","158"
"SKINO-10006","Premium Anti Aging Product 3","1","0","","1","1698","4518","Anti Aging","Premium","","3.6","345"
"SKINO-10007","Premium Anti Aging Product 4","1","0","","1","518","4885","Anti Aging","Premium","","4.2","97"
"SKINO-10008","Premium Spot Treatment Product 1","1","0","","1","1593","3190","Spot Treatment","Premium","","4.6","518"
"SKINO-10009","Premium Spot Treatment Product 2","1","0","","1","2331","3593","Spot Treatment","Premium","","3.7","174"
"SKINO-10010","Premium Spot Treatment Product 3","1","0","","1","1326","4202","Spot Treatment","Premium","","3.8","395"
"SKINO-10011","Premium Spot Treatment Product 4","1","0","","1","1225","4187","Spot Treatment","Premium","","4.3","526"
"SKINO-10012","Premium Skin Dryness Product 1","1","0","","1","2427","2841","Skin Dryness","Premium","","4.6","356"
"SKINO-10013","Premium Skin Dryness Product 2","1","0","","1","1266","4279","Skin Dryness","Premium","","4.8","260"
"SKINO-10014","Premium Skin Dryness Product 3","1","0","","1","1561","4040","Skin Dryness","Premium","","4.0","280"
"SKINO-10015","Premium Skin Dryness Product 4","1","0","","1","2110","4298","Skin Dryness","Premium","","4.9","397"
"SKINO-10016","Premium Oil Control Product 1","1","0","","1","1176","2857","Oil Control","Premium","","3.7","66"
"SKINO-10017","Premium Oil Control Product 2","1","0","","1","1544","3222","Oil Control","Premium","","4.0","94"
"SKINO-10018","Premium Oil Control Product 3","1","0","","1","2347","4811","Oil Control","Premium","","3.7","480"
"SKINO-10019","Premium Oil Control Product 4","1","0","","1","697","3865","Oil Control","Premium","","4.6","52"
"SKINO-10020","Premium Sensitive Skin Product 1","1","0","","1","1483","4792","Sensitive Skin","Premium","","4.9","300"
"SKINO-10021","Premium Sensitive Skin Product 2","1","0","","1","2022","3458","Sensitive Skin","Premium","","4.1","455"
"SKINO-10022","Premium Sensitive Skin Product 3","1","0","","1","2228","2506","Sensitive Skin","Premium","","4.1","133"
"SKINO-10023","Premium Sensitive Skin Product 4","1","0","","1","1737","5489","Sensitive Skin","Premium","","4.8","93"
"SKINO-10024","Premium Dandruff Product 1","1","0","","1","729","4379","Dandruff","Premium","","4.7","62"
"SKINO-10025","Premium Dandruff Product 2","1","0","","1","1637","3556","Dandruff","Premium","","4.0","245"
"SKINO-10026","Premium Dandruff Product 3","1","0","","1","891","3152","Dandruff","Premium","","4.9","140"
"SKINO-10027","Premium Dandruff Product 4","1","0","","1","1081","4075","Dandruff","Premium","","4.9","473"
"SKINO-10028","Premium Hairfall Product 1","1","0","","1","606","3640","Hairfall","Premium","","5.0","342"
"SKINO-10029","Premium Hairfall Product 2","1","0","","1","1071","4150","Hairfall","Premium","","3.6","176"
"SKINO-10030","Premium Hairfall Product 3","1","0","","1","1863","3080","Hairfall","Premium","","4.1","446"
"SKINO-10031","Premium Hairfall Product 4","1","0","","1","1622","3615","Hairfall","Premium","","4.9","192"
"SKINO-10032","Premium Combination Skin Product 1","1","0","","1","1616","3369","Combination Skin","Premium","","3.8","312"
"SKINO-10033","Premium Combination Skin Product 2","1","0","","1","2225","2856","Combination Skin","Premium","","3.7","500"
"SKINO-10034","Premium Combination Skin Product 3","1","0","","1","1882","5264","Combination Skin","Premium","","4.0","265"
"SKINO-10035","Premium Combination Skin Product 4","1","0","","1","587","4926","Combination Skin","Premium","","4.5","438"
"SKINO-10036","Premium Dull Skin Product 1","1","0","","1","839","4357","Dull Skin","Premium","","4.5","515"
"SKINO-10037","Premium Dull Skin Product 2","1","0","","1","603","4338","Dull Skin","Premium","","4.4","202"
"SKINO-10038","Premium Dull Skin Product 3","1","0","","1","2369","4210","Dull Skin","Premium","","4.0","532"
"SKINO-10039","Premium Dull Skin Product 4","1","0","","1","2218","3351","Dull Skin","Premium","","3.9","322"